{
  "type": "minecraft:cave",
  "config": {
    "probability": 0.2,
    "y": { "type": "minecraft:uniform", "min_inclusive": { "absolute": -192 }, "max_inclusive": { "absolute": 256 } },
    "lava_level": { "absolute": -175 },
    "horizontal_radius_multiplier": { "type": "minecraft:constant", "value": 6.0 },
    "vertical_radius_multiplier":   { "type": "minecraft:constant", "value": 4.0 },
    "yScale":                       { "type": "minecraft:constant", "value": 3.0 },
    "floor_level": { "type": "minecraft:constant", "value": 0.0 },
    "replaceable": [ "minecraft:stone","minecraft:deepslate","minecraft:tuff" ]
  }
}
