{
  "feature": "minecraft:ore_gold_buried",
  "placement": [
    {
      "type": "minecraft:count",
      "count": 6
    },
    {
      "type": "minecraft:in_square"
    },
    {
      "type": "minecraft:height_range",
      "height": {
        "type": "minecraft:trapezoid",
        "max_inclusive": {
          "absolute": 32
        },
        "min_inclusive": {
          "absolute": -64
        }
      },
      "min_inclusive": {
        "absolute": -64
      },
      "max_inclusive": {
        "below_top": 32
      }
    },
    {
      "type": "minecraft:biome"
    }
  ]
}