{
  "feature": "minecraft:ore_gold_buried",
  "placement": [
    {
      "type": "minecraft:rarity_filter",
      "chance": 4
    },
    {
      "type": "minecraft:in_square"
    },
    {
      "type": "minecraft:height_range",
      "height": {
        "type": "minecraft:uniform",
        "max_inclusive": {
          "absolute": -48
        },
        "min_inclusive": {
          "absolute": -64
        }
      },
      "min_inclusive": {
        "absolute": -64
      },
      "max_inclusive": {
        "below_top": -48
      }
    },
    {
      "type": "minecraft:biome"
    }
  ]
}